{
 "allowClient": false,
 "conditionSwitch": 1,
 "updateMode": false,
 "commands": [
  [
   0,
   4,
   0,
   [
    0,
    1,
    1,
    0
   ],
   0,
   0,
   [
    0,
    1,
    1,
    0
   ],
   0,
   [
    1,
    1,
    [
     0,
     0
    ]
   ],
   0,
   0,
   [
    1,
    1
   ],
   "",
   "",
   false,
   null,
   [
    4,
    {
     "checkType": 0,
     "uiIDVarID": 0,
     "uiID": 2,
     "useVarID": 0,
     "type": 2,
     "uiComp": {}
    },
    [
     {
      "57914579909_0.31596273488182147": 0,
      "42668749327_0.5044332572445289": 0,
      "42662223132_0.13407162179315324": 2,
      "42668749764_0.405507816846465": 0,
      "42668805260_0.7826262589690147": 2,
      "57914519062_0.2382390483738146": {}
     }
    ]
   ],
   null,
   null,
   null,
   null,
   0,
   0,
   [
    0,
    {},
    ""
   ],
   [
    0,
    {},
    ""
   ],
   {
    "___cmdID": "51060645356_0.10736805527523674"
   }
  ],
  [
   40012,
   {
    "49821564836_0.18023666032094843": 0,
    "49821564836_0.05613902618903355": 1,
    "49821564836_0.6578043100778947": 1,
    "49821564836_0.7286666716958285": 2,
    "49821564836_0.40792780858788147": 1,
    "49821586470_0.8966191069628267": false,
    "49821586470_0.5086891336665356": false
   },
   "51061172428_0.13568041258160557"
  ],
  [
   14,
   {
    "___cmdID": "51060645356_0.36288493457931237"
   }
  ],
  [
   2,
   {
    "___cmdID": "51060645356_0.9159380079844488"
   }
  ],
  [
   0,
   4,
   0,
   [
    0,
    1,
    1,
    0
   ],
   0,
   0,
   [
    0,
    1,
    1,
    0
   ],
   0,
   [
    1,
    1,
    [
     0,
     0
    ]
   ],
   0,
   0,
   [
    1,
    1
   ],
   "",
   "",
   false,
   null,
   [
    4,
    {
     "checkType": 0,
     "uiIDVarID": 0,
     "uiID": 6,
     "useVarID": 0,
     "type": 2,
     "uiComp": {}
    },
    [
     {
      "57914579909_0.31596273488182147": 0,
      "42668749327_0.5044332572445289": 0,
      "42662223132_0.13407162179315324": 6,
      "42668749764_0.405507816846465": 0,
      "42668805260_0.7826262589690147": 2,
      "57914519062_0.2382390483738146": {}
     }
    ]
   ],
   null,
   null,
   null,
   null,
   0,
   0,
   [
    0,
    {},
    ""
   ],
   [
    0,
    {},
    ""
   ],
   {
    "___cmdID": "51060645356_0.7558849494089204"
   }
  ],
  [
   40012,
   {
    "49821564836_0.18023666032094843": 0,
    "49821564836_0.05613902618903355": 1,
    "49821564836_0.6578043100778947": 1,
    "49821564836_0.7286666716958285": 6,
    "49821564836_0.40792780858788147": 1,
    "49821586470_0.8966191069628267": false,
    "49821586470_0.5086891336665356": false
   },
   "51061167388_0.49261084135292976"
  ],
  [
   14,
   {
    "___cmdID": "51060645356_0.8356969057921335"
   }
  ],
  [
   2,
   {
    "___cmdID": "51060645356_0.784887521915216"
   }
  ],
  [
   0,
   4,
   0,
   [
    0,
    1,
    1,
    0
   ],
   0,
   0,
   [
    0,
    1,
    1,
    0
   ],
   0,
   [
    1,
    1,
    [
     0,
     0
    ]
   ],
   0,
   0,
   [
    1,
    1
   ],
   "",
   "",
   false,
   null,
   [
    4,
    {
     "checkType": 0,
     "uiIDVarID": 0,
     "uiID": 5,
     "useVarID": 0,
     "type": 2,
     "uiComp": {}
    },
    [
     {
      "57914579909_0.31596273488182147": 0,
      "42668749327_0.5044332572445289": 0,
      "42662223132_0.13407162179315324": 5,
      "42668749764_0.405507816846465": 0,
      "42668805260_0.7826262589690147": 2,
      "57914519062_0.2382390483738146": {}
     }
    ]
   ],
   null,
   null,
   null,
   null,
   0,
   0,
   [
    0,
    {},
    ""
   ],
   [
    0,
    {},
    ""
   ],
   {
    "___cmdID": "51060645356_0.6357591843892068"
   }
  ],
  [
   40012,
   {
    "49821564836_0.18023666032094843": 0,
    "49821564836_0.05613902618903355": 1,
    "49821564836_0.6578043100778947": 1,
    "49821564836_0.7286666716958285": 5,
    "49821564836_0.40792780858788147": 1,
    "49821586470_0.8966191069628267": false,
    "49821586470_0.5086891336665356": false
   },
   "51061157858_0.18026875798867015"
  ],
  [
   14,
   {
    "___cmdID": "51060645356_0.9812965481951952"
   }
  ],
  [
   2,
   {
    "___cmdID": "51060645356_0.6293213295812634"
   }
  ],
  [
   0,
   4,
   0,
   [
    0,
    1,
    1,
    0
   ],
   0,
   0,
   [
    0,
    1,
    1,
    0
   ],
   0,
   [
    1,
    1,
    [
     0,
     0
    ]
   ],
   0,
   0,
   [
    1,
    1
   ],
   "",
   "",
   false,
   null,
   [
    4,
    {
     "checkType": 0,
     "uiIDVarID": 0,
     "uiID": 4,
     "useVarID": 0,
     "type": 2,
     "uiComp": {}
    },
    [
     {
      "57914579909_0.31596273488182147": 0,
      "42668749327_0.5044332572445289": 0,
      "42662223132_0.13407162179315324": 4,
      "42668749764_0.405507816846465": 0,
      "42668805260_0.7826262589690147": 2,
      "57914519062_0.2382390483738146": {}
     }
    ]
   ],
   null,
   null,
   null,
   null,
   0,
   0,
   [
    0,
    {},
    ""
   ],
   [
    0,
    {},
    ""
   ],
   {
    "___cmdID": "51060645356_0.28606504998895543"
   }
  ],
  [
   40014,
   {
    "49825113823_0.7745949272019663": 2,
    "49897660694_0.39897478951731946": false,
    "49897660694_0.6399331644068169": 1,
    "49897660694_0.0946225960666689": 1,
    "49897706791_0.8101580703633997": false,
    "49897693777_0.31957312098050794": 4,
    "49897693777_0.39600212789547196": 1,
    "49904671869_0.1506235712026469": [
     {
      "materials": [
       {
        "id": 10,
        "mask": "asset/image/picture/rule/19.jpg",
        "useTrans": true,
        "time": 0,
        "trans": "{\"transType\":0,\"loopType\":0,\"timeType\":1,\"timeUnit\":1,\"totalTime\":30,\"tweenType\":4,\"tweenTypeName\":\"backInOut\",\"curveData\":[[0,0,100,99,1,1,1,3],[0,100,0]],\"refreshInterval\":16}",
        "vagueness": 0.25,
        "invertMask": 0,
        "____timeInfo": {
         "trans": 30
        }
       }
      ]
     }
    ]
   },
   "51719415369_0.3529774064660274"
  ],
  [
   17,
   30,
   0,
   false,
   {
    "___cmdID": "51719415369_0.011914834823314457"
   }
  ],
  [
   40016,
   {
    "49825113823_0.7745949272019663": 2,
    "49897660694_0.39897478951731946": false,
    "49897660694_0.6399331644068169": 1,
    "49897660694_0.0946225960666689": 1,
    "49897706791_0.8101580703633997": false,
    "49897693777_0.31957312098050794": 4,
    "49897693777_0.39600212789547196": 1,
    "49915942145_0.9199980082052222": 0,
    "49904671869_0.1506235712026469": 1,
    "49915804334_0.6399260914142775": 0
   },
   "51765816134_0.7527276723370777"
  ],
  [
   40012,
   {
    "49821564836_0.18023666032094843": 0,
    "49821564836_0.05613902618903355": 1,
    "49821564836_0.6578043100778947": 1,
    "49821564836_0.7286666716958285": 4,
    "49821564836_0.40792780858788147": 1,
    "49821586470_0.8966191069628267": false,
    "49821586470_0.5086891336665356": false
   },
   "51061152056_0.6128616963221498"
  ],
  [
   14,
   {
    "___cmdID": "51060645356_0.6110900036488931"
   }
  ],
  [
   2,
   {
    "___cmdID": "51060645356_0.9791812539170226"
   }
  ],
  [
   0,
   4,
   0,
   [
    0,
    1,
    1,
    0
   ],
   0,
   0,
   [
    0,
    1,
    1,
    0
   ],
   0,
   [
    1,
    1,
    [
     0,
     0
    ]
   ],
   0,
   0,
   [
    1,
    1
   ],
   "",
   "",
   false,
   null,
   [
    4,
    {
     "checkType": 0,
     "uiIDVarID": 0,
     "uiID": 13,
     "useVarID": 0,
     "type": 2,
     "uiComp": {}
    },
    [
     {
      "57914579909_0.31596273488182147": 0,