{
    "sceneObjects": [],
    "customCommands": [
        [
            [
                40001,
                {
                    "24538808102_0.9970934946254328": 1,
                    "49612012650_0.7509974095572418": 1,
                    "24538808435_0.6230939565765392": "asset/image/picture/background/school/bg_018.png",
                    "49518385245_0.9308839798952664": 1,
                    "49141521249_0.2965750598394892": 0,
                    "49519573910_0.08853124862540018": 1,
                    "49141521416_0.0884961804795068": -177,
                    "49519590084_0.3058131165318816": 1,
                    "49150249927_0.6881795527970145": 100,
                    "49519636189_0.2521948025226537": 1,
                    "49232462793_0.7622411974016037": 1200,
                    "49520636693_0.8404154506260593": 1,
                    "49232464582_0.12430969584603324": 900,
                    "49520744730_0.6026838995761481": 1,
                    "49232999716_0.2133484967243402": 0,
                    "49520812848_0.5734967173507821": 1,
                    "49234813142_0.3142568229981375": 1,
                    "49520873912_0.5927053372462527": 1,
                    "49249262086_0.4763525036126073": false,
                    "49233147770_0.6353950190434796": 0,
                    "49234859651_0.6035613922030387": 0,
                    "49599648354_0.3738368266485066": false,
                    "49518248081_0.4367396293869368": false,
                    "49599660535_0.0823572381286597": "",
                    "49518318443_0.5988810162565685": false,
                    "49519399740_0.07229930251623617": false,
                    "49519436070_0.9418611019894294": false,
                    "49519475735_0.9428268094401824": false,
                    "49519529748_0.519982170810438": false,
                    "49520771123_0.27311479097864666": false,
                    "49611947752_0.41521729946538755": false
                },
                "65863235903_0.7439054631015272"
            ],
            [
                11,
                3,
                0,
                "",
                3,
                -3,
                "<span style='color:#FfFffF'>..ZzZzzz..</span>",
                null,
                -1,
                0,
                {
                    "___cmdID": "65863235903_0.8067332992622076"
                }
            ],
            [
                11,
                3,
                2,
                "",
                3,
                -3,
                "<span style='color:#FfFffF'>啊切，好冷... 刚才是什么。。。奇怪的梦？ </span>",
                null,
                1,
                0,
                {
                    "___cmdID": "65863235903_0.13033960709754533"
                }
            ],
            [
                11,
                3,
                2,
                "",
                3,
                -3,
                "<span style='color:#FfFffF'>这里是 </span><span style='color:#ffffff'>Kotori</span><span style='color:#FfFffF'>，准大一新生，OI 败犬。\n</span><span style='color:#FfFffF'>这是我来到 HIT 参加 ACM 算法集训的第一天。</span>",
                null,
                1,
                0,
                {
                    "___cmdID": "65863235903_0.5299966532377962"
                }
            ],
            [
                11,
                3,
                2,
                "Kotori",
                3,
                -3,
                "<span style='color:#FfFffF'>虽然说是 OI 败犬没错，但是硬要说起来我多少也是一名竞赛保送生，\n</span><span style='color:#FfFffF'>比其他人有了更多的自己的时间，比如，从 Pascal 换成 CPP 语言什么的。</span>",
                null,
                1,
                0,
                {
                    "___cmdID": "65863235903_0.46920089598376613"
                }
            ]
        ]
    ],
    "customAttributes": [],
    "customAttributesCaches": [],
    "events": [],
    "statusPages": [],
    "statusPagesSelectedIndexs": [],
    "id": 3
}