{
    "sceneObjects": [],
    "customCommands": [
        [
            [
                40001,
                {
                    "24538808102_0.9970934946254328": 1,
                    "49612012650_0.7509974095572418": 1,
                    "24538808435_0.6230939565765392": "asset/image/picture/background/school/bg_020.png",
                    "49518385245_0.9308839798952664": 1,
                    "49141521249_0.2965750598394892": 1,
                    "49519573910_0.08853124862540018": 1,
                    "49141521416_0.0884961804795068": -1,
                    "49519590084_0.3058131165318816": 1,
                    "49150249927_0.6881795527970145": 100,
                    "49519636189_0.2521948025226537": 1,
                    "49232462793_0.7622411974016037": 1200,
                    "49520636693_0.8404154506260593": 1,
                    "49232464582_0.12430969584603324": 900,
                    "49520744730_0.6026838995761481": 1,
                    "49232999716_0.2133484967243402": 0,
                    "49520812848_0.5734967173507821": 1,
                    "49234813142_0.3142568229981375": 1,
                    "49520873912_0.5927053372462527": 1,
                    "49249262086_0.4763525036126073": false,
                    "49233147770_0.6353950190434796": 0,
                    "49234859651_0.6035613922030387": 0,
                    "49599648354_0.3738368266485066": false,
                    "49518248081_0.4367396293869368": false,
                    "49599660535_0.0823572381286597": "",
                    "49518318443_0.5988810162565685": false,
                    "49519399740_0.07229930251623617": false,
                    "49519436070_0.9418611019894294": false,
                    "49519475735_0.9428268094401824": false,
                    "49519529748_0.519982170810438": false,
                    "49520771123_0.27311479097864666": false,
                    "49611947752_0.41521729946538755": false
                },
                "66470659190_0.6081887197745235"
            ],
            [
                11,
                3,
                3,
                "OnePlus",
                3,
                -3,
                "<span style='color:#FfFffF'>那么接下来，要和我聊点什么呢？</span>",
                null,
                1,
                0,
                {
                    "___cmdID": "66471825536_0.8989726162843861"
                }
            ],
            [
                16,
                2,
                false,
                {
                    "___cmdID": "66471825536_0.9086096529465373"
                }
            ],
            [
                8,
                "chat start",
                {
                    "___cmdID": "66471558861_0.3999396916025446"
                }
            ],
            [
                3,
                0,
                0,
                -1,
                {
                    "___cmdID": "66471537435_0.7273485643090878"
                }
            ],
            [
                4,
                "继续对话",
                0,
                -1,
                0,
                2001,
                [],
                {
                    "___cmdID": "66471537435_0.34296539151817695"
                }
            ],
            [
                11,
                3,
                3,
                "OnePlus",
                3,
                -3,
                "<span style='color:#FfFffF'>那么接下来，要和我聊点什么呢？</span>",
                null,
                1,
                0,
                {
                    "___cmdID": "66471562007_0.7938507654811888"
                }
            ],
            [
                16,
                2,
                false,
                {
                    "___cmdID": "66471562007_0.838958539658488"
                }
            ],
            [
                9,
                "chat start",
                {
                    "___cmdID": "66471576503_0.42849304716682757"
                }
            ],
            [
                4,
                "对话结束",
                -1,
                -1,
                0,
                2020,
                [],
                {
                    "___cmdID": "66471537435_0.5042027317819391"
                }
            ],
            [
                50008,
                null,
                "66471582281_0.796173024402135"
            ],
            [
                10,
                {
                    "___cmdID": "66471537435_0.2374848733091992"
                }
            ]
        ]
    ],
    "customAttributes": [],
    "customAttributesCaches": [],
    "events": [],
    "statusPages": [],
    "statusPagesSelectedIndexs": [],
    "id": 30
}