{
    "sceneObjects": [],
    "customCommands": [
        [
            [
                63,
                "asset/audio/bgm/Moonwisher.mp3",
                1,
                1,
                0,
                {
                    "___cmdID": "65957322584_0.63036783523633"
                }
            ],
            [
                40001,
                {
                    "24538808102_0.9970934946254328": 1,
                    "49612012650_0.7509974095572418": 1,
                    "24538808435_0.6230939565765392": "asset/image/picture/background/90124500_p0.jpg",
                    "49518385245_0.9308839798952664": 1,
                    "49141521249_0.2965750598394892": -10,
                    "49519573910_0.08853124862540018": 1,
                    "49141521416_0.0884961804795068": -70,
                    "49519590084_0.3058131165318816": 1,
                    "49150249927_0.6881795527970145": 100,
                    "49519636189_0.2521948025226537": 1,
                    "49232462793_0.7622411974016037": 1233,
                    "49520636693_0.8404154506260593": 1,
                    "49232464582_0.12430969584603324": 852,
                    "49520744730_0.6026838995761481": 1,
                    "49232999716_0.2133484967243402": 0,
                    "49520812848_0.5734967173507821": 1,
                    "49234813142_0.3142568229981375": 1,
                    "49520873912_0.5927053372462527": 1,
                    "49249262086_0.4763525036126073": false,
                    "49233147770_0.6353950190434796": 0,
                    "49234859651_0.6035613922030387": 0,
                    "49599648354_0.3738368266485066": false,
                    "49518248081_0.4367396293869368": false,
                    "49599660535_0.0823572381286597": "",
                    "49518318443_0.5988810162565685": false,
                    "49519399740_0.07229930251623617": false,
                    "49519436070_0.9418611019894294": false,
                    "49519475735_0.9428268094401824": false,
                    "49519529748_0.519982170810438": false,
                    "49520771123_0.27311479097864666": false,
                    "49611947752_0.41521729946538755": false
                },
                "65937954956_0.5050577476921179"
            ],
            [
                40002,
                {
                    "24538808102_0.9970934946254328": 1,
                    "49612329479_0.7433565589142674": 1,
                    "49541474395_0.999063634948089": 1,
                    "49541474395_0.4302897217422976": 30,
                    "49541474396_0.5364167299087121": "",
                    "49141521249_0.2965750598394892": -8,
                    "49519573910_0.08853124862540018": 1,
                    "49141521416_0.0884961804795068": -62,
                    "49519590084_0.3058131165318816": 1,
                    "49150249927_0.6881795527970145": 100,
                    "49519636189_0.2521948025226537": 1,
                    "49232462793_0.7622411974016037": 1233,
                    "49520636693_0.8404154506260593": 1,
                    "49232464582_0.12430969584603324": 852,
                    "49520744730_0.6026838995761481": 1,
                    "49232999716_0.2133484967243402": 0,
                    "49520812848_0.5734967173507821": 1,
                    "49234813142_0.3142568229981375": 1,
                    "49520873912_0.5927053372462527": 1,
                    "49249262086_0.4763525036126073": false,
                    "49233147770_0.6353950190434796": 0,
                    "49234859651_0.6035613922030387": 0,
                    "49594771755_0.963684096315716": false,
                    "49518248081_0.4367396293869368": false,
                    "49595153167_0.8002073773406164": "",
                    "49519399740_0.07229930251623617": false,
                    "49519436070_0.9418611019894294": false,
                    "49519475735_0.9428268094401824": false,
                    "49519529748_0.519982170810438": false,
                    "49520771123_0.27311479097864666": false,
                    "49612315725_0.0667574286485002": false
                },