{
 "31870501239_0.5446454449699711": {
  "condition": [],
  "commands": [
   [
    [
     67,
     "asset/audio/se/menu/EnterMenu.mp3",
     1,
     1,
     {
      "___cmdID": "51700476249_0.42483045994048996"
     }
    ],
    [
     50005,
     null,
     "51549968794_0.6786578552213784"
    ]
   ],
   [
    [
     67,
     "asset/audio/se/menu/Down.mp3",
     1,
     1,
     {
      "___cmdID": "65700125139_0.9538990495078774"
     }
    ]
   ],
   [],
   [],
   [],
   [],
   [],
   [],
   [],
   [],
   [],
   []
  ]
 },
 "42588246189_0.3946571868821098": {
  "condition": [],
  "commands": [
   [
    [
     67,
     "asset/audio/se/menu/EnterMenu.mp3",
     1,
     1,
     {
      "___cmdID": "51700492367_0.7782709252952256"
     }
    ],
    [
     40010,
     {
      "49809728719_0.046619702255007": 0,
      "24538808102_0.9970934946254328": 1,
      "49612012650_0.7509974095572418": 1,
      "24538808435_0.6230939565765392": 2,
      "49518385245_0.9308839798952664": 1,
      "50689082740_0.526404642451832": false,
      "49141521249_0.2965750598394892": 0,
      "49519573910_0.08853124862540018": 1,
      "49141521416_0.0884961804795068": 0,
      "49519590084_0.3058131165318816": 1,
      "49150249927_0.6881795527970145": 100,
      "49519636189_0.2521948025226537": 1,
      "49232462793_0.7622411974016037": 1,
      "49520636693_0.8404154506260593": 1,
      "49232464582_0.12430969584603324": 1,
      "49520744730_0.6026838995761481": 1,
      "49232999716_0.2133484967243402": 0,
      "49520812848_0.5734967173507821": 1,
      "49234813142_0.3142568229981375": 1,
      "49520873912_0.5927053372462527": 1,
      "49599648354_0.3738368266485066": false,
      "49518248081_0.4367396293869368": false,
      "49599660535_0.0823572381286597": 1,
      "49518318443_0.5988810162565685": false,
      "49519399740_0.07229930251623617": false,
      "49519436070_0.9418611019894294": false,
      "49519475735_0.9428268094401824": false,
      "49519529748_0.519982170810438": false,
      "49520771123_0.27311479097864666": false,
      "49611947752_0.41521729946538755": false
     },
     "51066802739_0.7329942440559905"
    ]
   ],
   [
    [
     67,
     "asset/audio/se/menu/Down.mp3",
     1,
     1,
     {
      "___cmdID": "65700150684_0.4696839450220276"
     }
    ]
   ],
   [],
   [],
   [],
   [],
   [],
   [],
   [],
   [],
   [],
   []
  ]
 },
 "42588260235_0.0513781451358899": {
  "condition": [],
  "commands": [
   [
    [
     50011,
     null,
     "50868454824_0.665920567123506"
    ]
   ],
   [
    [
     67,
     "asset/audio/se/menu/Down.mp3",
     1,
     1,
     {
      "___cmdID": "65700159867_0.21073739786400858"
     }
    ]
   ],
   [],
   [],
   [],
   [],
   [],
   [],
   [],
   [],
   [],
   []
  ]
 },
 "43812710574_0.1490047165345576": {
  "condition": [],
  "commands": [
   [],
   [],
   [],
   [],
   [],
   [],
   [],
   [],
   [],
   [],
   [],
   []
  ]
 },
 "43898714879_0.40705355433509327": {
  "condition": [],
  "commands": [
   [],
   [],
   [],
   [],
   [],
   [],
   [],
   [],
   [],
   [],
   [],
   []
  ]
 },
 "50988504721_0.6971391446500494": {
  "condition": [],
  "commands": [
   [
    [
     67,
     "asset/audio/se/menu/EnterMenu.mp3",
     1,
     1,
     {
      "___cmdID": "51700501427_0.7225242760531592"
     }
    ],
    [
     16,
     15002,
     false,
     {
      "___cmdID": "51005232469_0.48575751363101305"
     }
    ],
    [
     40010,
     {
      "49809728719_0.046619702255007": 0,
      "24538808102_0.9970934946254328": 1,
      "49612012650_0.7509974095572418": 1,
      "24538808435_0.6230939565765392": 6,
      "49518385245_0.9308839798952664": 1,
      "50689082740_0.526404642451832": false,
      "49141521249_0.2965750598394892": 0,
      "49519573910_0.08853124862540018": 1,
      "49141521416_0.0884961804795068": 0,
      "49519590084_0.3058131165318816": 1,
      "49150249927_0.6881795527970145": 100,
      "49519636189_0.2521948025226537": 1,
      "49232462793_0.7622411974016037": 1,
      "49520636693_0.8404154506260593": 1,
      "49232464582_0.12430969584603324": 1,
      "49520744730_0.6026838995761481": 1,
      "49232999716_0.2133484967243402": 0,
      "49520812848_0.5734967173507821": 1,
      "49234813142_0.3142568229981375": 1,
      "49520873912_0.5927053372462527": 1,
      "49599648354_0.3738368266485066": false,
      "49518248081_0.4367396293869368": false,
      "49599660535_0.0823572381286597": 1,
      "49518318443_0.5988810162565685": false,
      "49519399740_0.07229930251623617": false,
      "49519436070_0.9418611019894294": false,
      "49519475735_0.9428268094401824": false,
      "49519529748_0.519982170810438": false,
      "49520771123_0.27311479097864666": false,
      "49611947752_0.41521729946538755": false
     },
     "51066820506_0.3840760988644123"
    ]
   ],
   [
    [
     67,
     "asset/audio/se/menu/Down.mp3",
     1,
     1,
     {
      "___cmdID": "65700155981_0.11582340585433548"
     }
    ]
   ],
   [],
   [],
   [],
   [],
   [],
   [],
   [],
   [],
   [],
   []
  ]
 },
 "51050658008_0.26440299122298905": {
  "condition": [],
  "commands": [
   [
    [
     67,
     "asset/audio/se/menu/EnterMenu.mp3",
     1,
     1,
     {
      "___cmdID": "51700497790_0.5650883264263913"
     }
    ],
    [
     10001,
     {
      "42010122135_0.24848401267879283": [
       {
        "assetType": 5,
        "asset0": "",
        "asset1": "",
        "asset2": 1,
        "asset3": 1,
        "asset4": 1,
        "asset5": 11,
        "asset6": 1,
        "assetTypeItems": [
         "图片",
         "音频",
         "行走图",
         "立绘",
         "动画",
         "界面",
         "对话框样式",
         "预设字体",
         "CG图鉴"
        ]
       },
       {
        "assetType": 8,
        "asset0": "",
        "asset1": "",
        "asset2": 1,
        "asset3": 1,
        "asset4": 1,
        "asset5": 1,
        "asset6": 1,
        "assetTypeItems": [
         "图片",
         "音频",
         "行走图",
         "立绘",
         "动画",
         "界面",
         "对话框样式",
         "预设字体",
         "CG图鉴"
        ]
       }
      ],
      "42275874449_0.28161324216600425": true,
      "42275552693_0.09151993166059103": "loadingComp",
      "42275565858_0.9925963744814135": "value",
      "42275863488_0.8715139966044176": 2001
     },
     "51072616930_0.7593846613648272"
    ],
    [
     40010,
     {
      "49809728719_0.046619702255007": 0,
      "24538808102_0.9970934946254328": 1,
      "49612012650_0.7509974095572418": 1,
      "24538808435_0.6230939565765392": 11,
      "49518385245_0.9308839798952664": 1,
      "50689082740_0.526404642451832": false,
      "49141521249_0.2965750598394892": 0,
      "49519573910_0.08853124862540018": 1,
      "49141521416_0.0884961804795068": 0,
      "49519590084_0.3058131165318816": 1,
      "49150249927_0.6881795527970145": 100,
      "49519636189_0.2521948025226537": 1,
      "49232462793_0.7622411974016037": 1,
      "49520636693_0.8404154506260593": 1,
      "49232464582_0.12430969584603324": 1,
      "49520744730_0.6026838995761481": 1,
      "49232999716_0.2133484967243402": 0,
      "49520812848_0.5734967173507821": 1,
      "49234813142_0.3142568229981375": 1,
      "49520873912_0.5927053372462527": 1,
      "49599648354_0.3738368266485066": false,
      "49518248081_0.4367396293869368": false,
      "49599660535_0.0823572381286597": 1,
      "49518318443_0.5988810162565685": false,
      "49519399740_0.07229930251623617": false,
      "49519436070_0.9418611019894294": false,
      "49519475735_0.9428268094401824": false,