{
 "51003159775_0.5897146235792083": {
  "condition": [],
  "commands": [
   [],
   [],
   [],
   [],
   [],
   [],
   [],
   [],
   [],
   [],
   [],
   []
  ]
 },
 "51003165165_0.7897561987283472": {
  "condition": [],
  "commands": [
   [],
   [],
   [],
   [],
   [],
   [],
   [],
   [],
   [],
   [],
   [],
   []
  ]
 },
 "51003202876_0.863435354190702": {
  "condition": [],
  "commands": [
   [],
   [],
   [],
   [],
   [],
   [],
   [],
   [],
   [],
   [],
   [],
   []
  ]
 },
 "51003240067_0.3663873895350629": {
  "condition": [],
  "commands": [
   [
    [
     67,
     "asset/audio/se/menu/EnterMenu.mp3",
     1,
     1,
     {
      "___cmdID": "51700762447_0.945784274592663"
     }
    ],
    [
     13,
     4,
     15005,
     0,
     0,
     1,
     1,
     1,
     [
      0,
      100
     ],
     0,
     -1,
     [],
     0,
     0,
     0,
     {
      "___cmdID": "51003265478_0.9462437783212558"
     }
    ],
    [
     40012,
     {
      "49821564836_0.18023666032094843": 0,
      "49821564836_0.05613902618903355": 1,
      "49821564836_0.6578043100778947": 1,
      "49821564836_0.7286666716958285": 13,
      "49821564836_0.40792780858788147": 1,
      "49821586470_0.8966191069628267": false,
      "49821586470_0.5086891336665356": false
     },
     "51003345915_0.055189241565510416"
    ],
    [
     0,
     0,
     2,
     [
      0,
      1,
      15004,
      0
     ],
     0,
     0,
     [
      1,
      1,
      1,
      0
     ],
     0,
     [
      1,
      1,
      [
       0,
       0
      ]
     ],
     0,
     0,
     [
      1,
      1
     ],
     "",
     "",
     false,
     null,
     null,
     null,
     null,
     null,
     null,
     0,
     {
      "___cmdID": "51003651343_0.10852217366414108"
     }
    ],
    [
     64,
     1,
     {
      "___cmdID": "51804228504_0.9604924567858526"
     }
    ],
    [
     66,
     1,
     {
      "___cmdID": "51804234486_0.08656621105906348"
     }
    ],
    [
     40010,
     {
      "49809728719_0.046619702255007": 0,
      "24538808102_0.9970934946254328": 1,
      "49612012650_0.7509974095572418": 1,
      "24538808435_0.6230939565765392": 2005,
      "49518385245_0.9308839798952664": 1,
      "50689082740_0.526404642451832": true,
      "49141521249_0.2965750598394892": 0,
      "49519573910_0.08853124862540018": 1,
      "49141521416_0.0884961804795068": 0,
      "49519590084_0.3058131165318816": 1,
      "49150249927_0.6881795527970145": 100,
      "49519636189_0.2521948025226537": 1,
      "49232462793_0.7622411974016037": 1,
      "49520636693_0.8404154506260593": 1,
      "49232464582_0.12430969584603324": 1,
      "49520744730_0.6026838995761481": 1,
      "49232999716_0.2133484967243402": 0,
      "49520812848_0.5734967173507821": 1,
      "49234813142_0.3142568229981375": 0,
      "49520873912_0.5927053372462527": 1,
      "49599648354_0.3738368266485066": false,
      "49518248081_0.4367396293869368": false,
      "49599660535_0.0823572381286597": 1,
      "49518318443_0.5988810162565685": false,
      "49519399740_0.07229930251623617": false,
      "49519436070_0.9418611019894294": false,
      "49519475735_0.9428268094401824": false,
      "49519529748_0.519982170810438": false,
      "49520771123_0.27311479097864666": false,
      "49611947752_0.41521729946538755": false
     },
     "51719882422_0.22044473405086418"
    ],
    [
     40011,
     {
      "49816072304_0.03131954665076897": 0,
      "24538808102_0.9970934946254328": 1,
      "49612329479_0.7433565589142674": 1,
      "49819012242_0.02527395671440269": 2005,
      "49819012242_0.4964322333365434": 1,
      "49541474395_0.999063634948089": 1,
      "49541474395_0.4302897217422976": 30,
      "49541474396_0.5364167299087121": "",
      "49141521249_0.2965750598394892": 0,
      "49519573910_0.08853124862540018": 1,
      "49141521416_0.0884961804795068": 0,
      "49519590084_0.3058131165318816": 1,
      "49150249927_0.6881795527970145": 100,
      "49519636189_0.2521948025226537": 1,
      "49232462793_0.7622411974016037": 1,
      "49520636693_0.8404154506260593": 1,
      "49232464582_0.12430969584603324": 1,
      "49520744730_0.6026838995761481": 1,
      "49232999716_0.2133484967243402": 0,
      "49520812848_0.5734967173507821": 1,
      "49234813142_0.3142568229981375": 1,
      "49520873912_0.5927053372462527": 1,
      "49594771755_0.963684096315716": false,
      "49518248081_0.4367396293869368": false,
      "49595153167_0.8002073773406164": 1,
      "49519399740_0.07229930251623617": false,
      "49519436070_0.9418611019894294": false,
      "49519475735_0.9428268094401824": false,
      "49519529748_0.519982170810438": false,
      "49520771123_0.27311479097864666": false,
      "49612315725_0.0667574286485002": false,
      "49819116159_0.3898830536514881": false
     },
     "51720086457_0.9207653358681116"
    ],
    [
     17,
     30,
     0,
     false,
     {
      "___cmdID": "51720098099_0.5190557778467508"
     }
    ],
    [
     50008,
     null,
     "51003663005_0.30328147093570124"
    ],
    [
     2,
     {
      "___cmdID": "51003660241_0.6133916424458488"
     }
    ],
    [
     0,
     0,
     2,
     [
      0,
      1,
      15004,
      0
     ],
     0,
     0,
     [
      2,
      1,
      1,
      0
     ],
     0,
     [
      1,
      1,
      [
       0,
       0
      ]
     ],
     0,
     0,
     [
      1,
      1
     ],
     "",
     "",
     false,
     null,
     null,
     null,
     null,
     null,
     null,
     0,
     {
      "___cmdID": "51069737574_0.2121412872191748"
     }
    ],
    [
     20,
     "删除档案",
     "// 删除档案\r\nvar saveID = GlobalTempData.playerInputSaveID;\r\nSinglePlayerGame.delSaveFile(saveID, Callback.New((success:boolean) => {\r\n    var guiLoad = GameUI.get(2) as GUI_2;\r\n    if (guiLoad && guiLoad.stage) {\r\n        GUI_SaveFileManager.refreshSaveFileItem(guiLoad.list);\r\n        return;\r\n    }\r\n    var guiSave = GameUI.get(5) as GUI_5;\r\n    if (guiSave && guiSave.stage) {\r\n        GUI_SaveFileManager.refreshSaveFileItem(guiSave.list);\r\n        return;\r\n    }\r\n}, this));",
     "var saveID = GlobalTempData.playerInputSaveID;\nSinglePlayerGame.delSaveFile(saveID, Callback.New(function (success) {\n    var guiLoad = GameUI.get(2);\n    if (guiLoad && guiLoad.stage) {\n        GUI_SaveFileManager.refreshSaveFileItem(guiLoad.list);\n        return;\n    }\n    var guiSave = GameUI.get(5);\n    if (guiSave && guiSave.stage) {\n        GUI_SaveFileManager.refreshSaveFileItem(guiSave.list);\n        return;\n    }\n}, this));\n",
     {
      "___cmdID": "51069744730_0.7801168314557392"
     }
    ],
    [
     2,
     {
      "___cmdID": "51069738317_0.9567688585149825"
     }
    ]
   ],
   [
    [
     67,
     "asset/audio/se/menu/Down.mp3",
     1,
     1,
     {
      "___cmdID": "65712224996_0.46367831367997003"
     }
    ]
   ],
   [],
   [],
   [],
   [],
   [],
   [],
   [],
   [],
   [],
   []
  ]
 },
 "51003244386_0.07355925791096474": {
  "condition": [],
  "commands": [
   [
    [
     67,
     "asset/audio/se/menu/Return_Left.mp3",
     1,
     1,
     {
      "___cmdID": "51700754183_0.19019250032990787"
     }
    ],
    [
     13,
     4,
     15005,
     0,
     0,
     0,
     1,
     1,
     [
      0,
      100
     ],
     0,
     -1,
     [],
     0,
     0,
     0,
     {
      "___cmdID": "51003282007_0.4390985082336565"
     }
    ],
    [
     40012,
     {
      "49821564836_0.18023666032094843": 0,
      "49821564836_0.05613902618903355": 1,