{
 "51049805936_0.5205298184628389": {
  "condition": [],
  "commands": [
   [],
   [],
   [],
   [],
   [],
   [],
   [],
   [],
   [],
   [],
   [],
   []
  ]
 },
 "51050777659_0.1289500755140769": {
  "condition": [],
  "commands": [
   [],
   [],
   [],
   [],
   [],
   [],
   [],
   [],
   [],
   [],
   [],
   []
  ]
 },
 "51050858244_0.10654836860026484": {
  "condition": [],
  "commands": [
   [
    [
     67,
     "asset/audio/se/menu/Return_Left.mp3",
     1,
     1,
     {
      "___cmdID": "51700736787_0.5934890238609534"
     }
    ],
    [
     40012,
     {
      "49821564836_0.18023666032094843": 0,
      "49821564836_0.05613902618903355": 1,
      "49821564836_0.6578043100778947": 1,
      "49821564836_0.7286666716958285": 11,
      "49821564836_0.40792780858788147": 1,
      "49821586470_0.8966191069628267": false,
      "49821586470_0.5086891336665356": false
     },
     "51075758858_0.2801043712746176"
    ]
   ],
   [
    [
     67,
     "asset/audio/se/menu/Down.mp3",
     1,
     1,
     {
      "___cmdID": "65712366232_0.363053303402574"
     }
    ]
   ],
   [],
   [],
   [],
   [],
   [],
   [],
   [],
   [],
   [],
   []
  ]
 },
 "51051981943_0.6685348105627096": {
  "condition": [],
  "commands": [
   [],
   [
    [
     67,
     "asset/audio/se/menu/Down.mp3",
     1,
     1,
     {
      "___cmdID": "65712292142_0.5799874435628425"
     }
    ]
   ],
   [],
   [],
   [],
   [],
   [],
   [],
   [],
   [],
   [],
   []
  ]
 },
 "51699020441_0.7804447857990593": {
  "condition": [],
  "commands": [
   [],
   [],
   [],
   [],
   [],
   [],
   [],
   [],
   [],
   [],
   [],
   []
  ]
 },
 "root": {
  "commands": [
   [],
   [],
   [],
   [],
   [],
   [],
   [],
   [],
   [],
   [],
   [],
   []
  ]
 },
 "id": 11
}