{
 "42589355785_0.2078430154299178": {
  "condition": [],
  "commands": [
   [],
   [],
   [],
   [],
   [],
   [],
   [],
   [],
   [],
   [],
   [],
   []
  ]
 },
 "42589466129_0.3726889281933452": {
  "condition": [],
  "commands": [
   [
    [
     67,
     "asset/audio/se/menu/Return_Left.mp3",
     1,
     1,
     {
      "___cmdID": "51700656535_0.38077538783394593"
     }
    ],
    [
     40012,
     {
      "49821564836_0.18023666032094843": 0,
      "49821564836_0.05613902618903355": 1,
      "49821564836_0.6578043100778947": 1,
      "49821564836_0.7286666716958285": 2,
      "49821564836_0.40792780858788147": 1,
      "49821586470_0.8966191069628267": false,
      "49821586470_0.5086891336665356": false
     },
     "51075637739_0.9965988550662384"
    ]
   ],
   [
    [
     67,
     "asset/audio/se/menu/Down.mp3",
     1,
     1,
     {
      "___cmdID": "65712112415_0.6475002693036631"
     }
    ]
   ],
   [],
   [],
   [],
   [],
   [],
   [],
   [],
   [],
   [],
   []
  ]
 },
 "42589505701_0.9866923249665291": {
  "condition": [],
  "commands": [
   [],
   [],
   [],
   [],
   [],
   [],
   [],
   [],
   [],
   [],
   [],
   []
  ]
 },
 "43903442200_0.23229042047070259": {
  "condition": [],
  "commands": [
   [],
   [],
   [],
   [],
   [],
   [],
   [],
   [],
   [],
   [],
   [],
   []
  ]
 },
 "51696445909_0.808395742622986": {
  "condition": [],
  "commands": [
   [],
   [],
   [],
   [],
   [],
   [],
   [],
   [],
   [],
   [],
   [],
   []
  ]
 },
 "root": {
  "commands": [
   [],
   [],
   [],
   [],
   [],
   [],
   [],
   [],
   [],
   [],
   [],
   []
  ]
 },
 "66384697027_0.6556567446122306": {
  "condition": [],
  "commands": [
   [],
   [],
   [],
   [],
   [],
   [],
   [],
   [],
   [],
   [],
   [],
   []
  ]
 },
 "id": 2
}