{
 "51000918058_0.3295618265795648": {
  "condition": [],
  "commands": [
   [
    [
     67,
     "asset/audio/se/menu/Return_Left.mp3",
     1,
     1,
     {
      "___cmdID": "51700706271_0.9216961643847472"
     }
    ],
    [
     40014,
     {
      "49825113823_0.7745949272019663": 2,
      "49897660694_0.39897478951731946": false,
      "49897660694_0.6399331644068169": 1,
      "49897660694_0.0946225960666689": 1,
      "49897706791_0.8101580703633997": false,
      "49897693777_0.31957312098050794": 4,
      "49897693777_0.39600212789547196": 1,
      "49904671869_0.1506235712026469": [
       {
        "materials": [
         {
          "id": 10,
          "mask": "asset/image/picture/rule/19.jpg",
          "useTrans": true,
          "time": 0,
          "trans": "{\"transType\":0,\"loopType\":0,\"timeType\":1,\"timeUnit\":1,\"totalTime\":30,\"tweenType\":4,\"tweenTypeName\":\"backInOut\",\"curveData\":[[0,0,100,99,1,1,1,3],[0,100,0]],\"refreshInterval\":16}",
          "vagueness": 0.25,
          "invertMask": 0,
          "____timeInfo": {
           "trans": 30
          }
         }
        ]
       }
      ]
     },
     "51719372545_0.15027185084667183"
    ],
    [
     17,
     30,
     0,
     false,
     {
      "___cmdID": "51719067040_0.24954153208182683"
     }
    ],
    [
     40016,
     {
      "49825113823_0.7745949272019663": 2,
      "49897660694_0.39897478951731946": false,
      "49897660694_0.6399331644068169": 1,
      "49897660694_0.0946225960666689": 1,
      "49897706791_0.8101580703633997": false,
      "49897693777_0.31957312098050794": 4,
      "49897693777_0.39600212789547196": 1,
      "49915942145_0.9199980082052222": 0,
      "49904671869_0.1506235712026469": 1,
      "49915804334_0.6399260914142775": 0
     },
     "51747773871_0.8718769562484545"
    ],
    [
     40012,
     {
      "49821564836_0.18023666032094843": 0,
      "49821564836_0.05613902618903355": 1,
      "49821564836_0.6578043100778947": 1,
      "49821564836_0.7286666716958285": 4,
      "49821564836_0.40792780858788147": 1,
      "49821586470_0.8966191069628267": false,
      "49821586470_0.5086891336665356": false
     },
     "51075708461_0.023936142849543707"
    ]
   ],
   [
    [
     67,
     "asset/audio/se/menu/Down.mp3",
     1,
     1,
     {
      "___cmdID": "65712163276_0.9662971568911045"
     }
    ]
   ],
   [],
   [],
   [],
   [],
   [],
   [],
   [],
   [],
   [],
   []
  ]
 },
 "51047054326_0.7644794441592311": {
  "condition": [],
  "commands": [
   [],
   [],
   [],
   [],
   [],
   [],
   [],
   [],
   [],
   [],
   [],
   []
  ]
 },
 "51047332666_0.6891876111080384": {
  "condition": [],
  "commands": [
   [],
   [],
   [],
   [],
   [],
   [],
   [],
   [],
   [],
   [],
   [],
   []
  ]
 },
 "51047395648_0.23368339306909647": {
  "condition": [],
  "commands": [
   [],
   [],
   [],
   [],
   [],
   [],
   [],
   [],
   [],
   [],
   [],
   []
  ]
 },
 "51691014956_0.8651375193973116": {
  "condition": [],
  "commands": [
   [],
   [],
   [],
   [],
   [],
   [],
   [],
   [],
   [],
   [],
   [],
   []
  ]
 },
 "root": {
  "commands": [
   [],
   [],
   [],
   [],
   [],
   [],
   [],
   [],
   [],
   [],
   [],
   []
  ]
 },
 "66386975833_0.8709625061000965": {
  "condition": [],
  "commands": [
   [],
   [],
   [],
   [],
   [],
   [],
   [],
   [],
   [],
   [],
   [],
   []
  ]
 },
 "id": 4
}