{
 "42595472268_0.3900902705761442": {
  "condition": [],
  "commands": [
   [],
   [],
   [],
   [],
   [],
   [],
   [],
   [],
   [],
   [],
   [],
   []
  ]
 },
 "42595472268_0.9038562633454412": {
  "condition": [],
  "commands": [
   [],
   [],
   [],
   [],
   [],
   [],
   [],
   [],
   [],
   [],
   [],
   []
  ]
 },
 "42595472271_0.4125623619521144": {
  "condition": [],
  "commands": [
   [
    [
     67,
     "asset/audio/se/menu/Return_Left.mp3",
     1,
     1,
     {
      "___cmdID": "51700709957_0.08227782518001003"
     }
    ],
    [
     40012,
     {
      "49821564836_0.18023666032094843": 0,
      "49821564836_0.05613902618903355": 1,
      "49821564836_0.6578043100778947": 1,
      "49821564836_0.7286666716958285": 5,
      "49821564836_0.40792780858788147": 1,
      "49821586470_0.8966191069628267": false,
      "49821586470_0.5086891336665356": false
     },
     "51075716756_0.565677019976432"
    ]
   ],
   [
    [
     67,
     "asset/audio/se/menu/Down.mp3",
     1,
     1,
     {
      "___cmdID": "65712168353_0.37905142554446614"
     }
    ]
   ],
   [],
   [],
   [],
   [],
   [],
   [],
   [],
   [],
   [],
   []
  ]
 },
 "43904674761_0.33147826713907325": {
  "condition": [],
  "commands": [
   [],
   [],
   [],
   [],
   [],
   [],
   [],
   [],
   [],
   [],
   [],
   []
  ]
 },
 "51698166661_0.6830695790398458": {
  "condition": [],
  "commands": [
   [],
   [],
   [],
   [],
   [],
   [],
   [],
   [],
   [],
   [],
   [],
   []
  ]
 },
 "root": {
  "commands": [
   [],
   [],
   [],
   [],
   [],
   [],
   [],
   [],
   [],
   [],
   [],
   []
  ]
 },
 "66386921317_0.9348148879739111": {
  "condition": [],
  "commands": [
   [],
   [],
   [],
   [],
   [],
   [],
   [],
   [],
   [],
   [],
   [],
   []
  ]
 },
 "id": 5
}