{
 "42774785573_0.017153343922745368": {
  "condition": [],
  "commands": [
   [],
   [],
   [],
   [],
   [],
   [],
   [],
   [],
   [],
   [],
   [],
   []
  ]
 },
 "42774823913_0.4479120837715391": {
  "condition": [],
  "commands": [
   [],
   [],
   [],
   [],
   [],
   [],
   [],
   [],
   [],
   [],
   [],
   []
  ]
 },
 "42774840635_0.45050563599977766": {
  "condition": [],
  "commands": [
   [],
   [],
   [],
   [],
   [],
   [],
   [],
   [],
   [],
   [],
   [],
   []
  ]
 },
 "42774842538_0.576788483403804": {
  "condition": [],
  "commands": [
   [],
   [],
   [],
   [],
   [],
   [],
   [],
   [],
   [],
   [],
   [],
   []
  ]
 },
 "42774864581_0.3214278667895736": {
  "condition": [],
  "commands": [
   [],
   [],
   [],
   [],
   [],
   [],
   [],
   [],
   [],
   [],
   [],
   []
  ]
 },
 "42774871326_0.05924918718547145": {
  "condition": [],
  "commands": [
   [
    [
     67,
     "asset/audio/se/menu/Return_Left.mp3",
     1,
     1,
     {
      "___cmdID": "51700714285_0.045662881934359856"
     }
    ],
    [
     40012,
     {
      "49821564836_0.18023666032094843": 0,
      "49821564836_0.05613902618903355": 1,
      "49821564836_0.6578043100778947": 1,
      "49821564836_0.7286666716958285": 6,
      "49821564836_0.40792780858788147": 1,
      "49821586470_0.8966191069628267": false,
      "49821586470_0.5086891336665356": false
     },
     "51075724905_0.6275462517144779"
    ]
   ],
   [
    [
     67,
     "asset/audio/se/menu/Down.mp3",
     1,
     1,
     {
      "___cmdID": "65712175561_0.43497577433682766"
     }
    ]
   ],
   [],
   [],
   [],
   [],
   [],
   [],
   [],
   [],
   [],
   []
  ]
 },
 "43906261170_0.6875805960883701": {
  "condition": [],
  "commands": [
   [],
   [],
   [],
   [],
   [],
   [],
   [],
   [],
   [],
   [],
   [],
   []
  ]
 },
 "51003970566_0.3521824351385374": {
  "condition": [],
  "commands": [
   [
    [
     0,
     1,
     0,
     [
      0,
      1,
      1,
      0
     ],
     0,
     0,
     [
      0,
      1,
      1,
      0
     ],
     1,
     [
      1,
      15006,
      [
       0,
       0
      ]
     ],
     0,
     0,
     [
      1,
      1
     ],
     "",
     "",
     true,
     null,
     null,
     null,
     null,
     null,
     null,
     0,
     {
      "___cmdID": "51004454898_0.6903424903141413"
     }
    ],
    [
     13,
     4,
     15006,
     0,
     0,
     0,
     1,
     1,
     [
      0,
      100
     ],
     0,
     -1,
     [],
     0,
     0,
     0,
     {
      "___cmdID": "51004454898_0.31245315794857254"
     }
    ],
    [
     50001,
     {
      "51004823216_0.7870287660533613": false
     },
     "51004876783_0.5945612777744016"
    ],
    [
     1,
     {
      "___cmdID": "51004454898_0.4618934037057809"
     }
    ],
    [
     13,
     4,
     15006,
     0,
     0,
     1,
     1,
     1,
     [
      0,
      100
     ],
     0,
     -1,
     [],
     0,
     0,
     0,
     {
      "___cmdID": "51004454898_0.21373841680792238"
     }
    ],
    [
     50001,
     {
      "51004823216_0.7870287660533613": true
     },
     "51004878418_0.16421541774914572"
    ],
    [
     2,
     {
      "___cmdID": "51004454898_0.4914502726183485"
     }
    ]
   ],
   [
    [
     67,
     "asset/audio/se/menu/Down.mp3",
     1,
     1,
     {
      "___cmdID": "65712305738_0.4518579015373958"
     }
    ]
   ],
   [],
   [],
   [],
   [],
   [],
   [],
   [],
   [],
   [],
   []
  ]
 },
 "51003989878_0.14283781220321834": {
  "condition": [],
  "commands": [
   [
    [
     0,
     1,
     0,
     [
      0,
      1,
      1,
      0
     ],
     0,
     0,
     [
      0,
      1,
      1,
      0
     ],
     0,
     [
      15001,
      15007,
      [
       0,
       0
      ]
     ],
     0,
     0,
     [
      1,
      1
     ],
     "",
     "",
     true,
     null,
     null,
     null,
     null,
     null,
     null,
     0,
     {
      "___cmdID": "51006154808_0.5541224585448525"
     }
    ],
    [
     13,
     4,
     15007,
     0,
     0,
     0,
     1,
     1,
     [
      0,
      100
     ],
     0,
     -1,
     [],
     0,
     0,
     0,
     {
      "___cmdID": "51006154808_0.434409707297881"
     }
    ],
    [
     13,
     1,
     15001,
     0,
     0,
     0,
     1,
     1,
     [
      0,
      100
     ],
     0,
     -1,
     [],
     0,
     0,
     0,
     {
      "___cmdID": "51007971788_0.6252424332415267"
     }
    ],
    [
     1,
     {
      "___cmdID": "51006154808_0.1468548958913074"
     }
    ],
    [
     13,
     4,
     15007,
     0,
     0,
     1,
     1,
     1,
     [
      0,
      100
     ],
     0,
     -1,
     [],
     0,
     0,
     0,
     {
      "___cmdID": "51006154808_0.35539253272921756"
     }
    ],
    [
     13,
     1,
     15001,
     0,
     0,
     1,
     1,
     1,
     [
      0,
      100
     ],
     0,
     -1,
     [],
     0,
     0,
     0,
     {
      "___cmdID": "51007976716_0.6249351543169577"
     }
    ],
    [
     2,
     {
      "___cmdID": "51006154808_0.651342118254242"
     }
    ]
   ],
   [
    [
     67,
     "asset/audio/se/menu/Down.mp3",
     1,
     1,
     {
      "___cmdID": "65712308244_0.18585634191203648"
     }
    ]
   ],
   [],
   [],
   [],
   [],
   [],
   [],
   [],
   [],
   [],
   []
  ]
 },
 "51692444902_0.6502468167306859": {
  "condition": [],
  "commands": [
   [],
   [],
   [],
   [],
   [],
   [],
   [],
   [],
   [],
   [],
   [],
   []
  ]
 },
 "51692854902_0.5002595794446236": {
  "condition": [],
  "commands": [
   [],
   [],
   [],
   [],
   [],
   [],
   [],
   [],
   [],
   [],
   [],
   []
  ]
 },
 "51692936312_0.9068853706220226": {
  "condition": [],
  "commands": [
   [],
   [],
   [],
   [],
   [],
   [],
   [],
   [],
   [],
   [],
   [],
   []
  ]
 },
 "51692959041_0.7681171392088444": {
  "condition": [],
  "commands": [
   [],
   [],
   [],
   [],
   [],
   [],
   [],
   [],
   [],
   [],
   [],
   []
  ]
 },
 "51692976818_0.6213879628592192": {
  "condition": [],
  "commands": [
   [],
   [],
   [],
   [],
   [],
   [],
   [],
   [],
   [],
   [],
   [],
   []
  ]
 },
 "51693248302_0.4833432092909784": {
  "condition": [],
  "commands": [
   [],
   [],
   [],
   [],
   [],
   [],
   [],
   [],
   [],
   [],
   [],
   []
  ]
 },
 "51693301946_0.42742494088186": {
  "condition": [],
  "commands": [
   [],
   [],
   [],
   [],
   [],
   [],
   [],
   [],
   [],
   [],
   [],
   []
  ]
 },
 "51693321249_0.609972829303866": {
  "condition": [],
  "commands": [
   [],
   [],
   [],
   [],
   [],
   [],
   [],
   [],
   [],
   [],
   [],
   []
  ]
 },
 "51693398011_0.8058900398130373": {
  "condition": [],
  "commands": [
   [],
   [],
   [],
   [],
   [],
   [],
   [],
   [],
   [],
   [],
   [],
   []
  ]
 },
 "51693436802_0.14734056462439038": {
  "condition": [],
  "commands": [
   [],
   [],
   [],
   [],
   [],
   [],
   [],
   [],
   [],
   [],
   [],
   []
  ]
 },
 "51693448886_0.8082126247945838": {
  "condition": [],
  "commands": [
   [],
   [],
   [],
   [],
   [],
   [],
   [],
   [],
   [],
   [],
   [],
   []
  ]
 },
 "root": {
  "commands": [
   [],
   [],
   [],
   [],
   [],
   [],
   [],
   [],
   [],
   [],
   [],
   []
  ]
 },
 "66386848652_0.23439235444851825": {
  "condition": [],