{
 "42750568934_0.10238686507593564": {
  "condition": [],
  "commands": [
   [],
   [],
   [],
   [],
   [],
   [],
   [],
   [],
   [],
   [],
   [],
   []
  ]
 },
 "42750578545_0.5572404876744541": {
  "condition": [],
  "commands": [
   [],
   [],
   [],
   [],
   [],
   [],
   [],
   [],
   [],
   [],
   [],
   []
  ]
 },
 "42750648781_0.6423333117128123": {
  "condition": [],
  "commands": [
   [],
   [],
   []
  ]
 },
 "42750672835_0.9916632150539608": {
  "condition": [],
  "commands": [
   [
    [
     67,
     "asset/audio/se/menu/EnterMenu.mp3",
     1,
     1,
     {
      "___cmdID": "51700719480_0.12082514566421443"
     }
    ],
    [
     40012,
     {
      "49821564836_0.18023666032094843": 0,
      "49821564836_0.05613902618903355": 1,
      "49821564836_0.6578043100778947": 1,
      "49821564836_0.7286666716958285": 7,
      "49821564836_0.40792780858788147": 1,
      "49821586470_0.8966191069628267": false,
      "49821586470_0.5086891336665356": false
     },
     "51075733492_0.957022048049269"
    ]
   ],
   [
    [
     67,
     "asset/audio/se/menu/Down.mp3",
     1,
     1,
     {
      "___cmdID": "65712391874_0.36403353158636476"
     }
    ]
   ],
   [],
   [],
   [],
   [],
   [],
   [],
   [],
   [],
   [],
   []
  ]
 },
 "root": {
  "commands": [
   [],
   [],
   [],
   [],
   [],
   [],
   [],
   [],
   [],
   [],
   [],
   []
  ]
 },
 "id": 7
}